# integ-last-run ledger (update-type: one row per test). cols: test	last_run_iso	result	duration_s	flow	note
#   vp run integ-ledger-normalize
# /pick-integ staleness ranking; the sort is what makes a rebased commit reproduce this
# CI enforces this; a non-normalized file fails check-build-test.
# GENERATED SHAPE - do not hand-edit. After recording a run, run:
# INVARIANT: exactly one row per test, rows sorted by test name. Duplicates break
# file byte-for-byte instead of appending a duplicate row (issue #1112).
acm-certificate	2026-10-06T02:22:44Z	PASS	115	verify.sh	PR #4598 (#4583/#4595 created-before-failure marks, 45 providers); rc 0, destroy clean, orph clean
agentcore-tools	2026-10-03T04:25:23Z	PASS	79	verify.sh	rc ok, orph clean (#4283 PR #4449)
alb	2026-10-05T14:42:45Z	FAIL	221	verify.sh	pre-existing listener routing.http.response.server.enabled removal assertion (#2085, tooling backlog), same as 2026-10-03 on main; deploy via PR #4587 create client ok; destroy clean
alb-advanced	2026-08-20T04:01:13Z	PASS	215	standard	issues 2058/2063: re-run after the round-3 comment edit re-staled integ-destroy (hash: diff digests the delta, so a comment counts). Exercises createLoadBalancer/updateLoadBalancer; deploy rc=0, destroy 17 deleted 0 errors, 0 ALBs / 0 VPCs / 0 NAT gateways / 0 state after. Second clean run of this fixture on the same branch.
api-cognito	2026-08-18T05:09:26Z	PASS	60	standard	#1920 no-MFA-props skip path; 0 errors, 2 RETAIN-by-policy APIGW account singletons
apigateway	2026-10-02T07:20:09Z	PASS	66	verify.sh	PR #4391 (#2080 EMR create latch, orphan-report rename) @a7306c55f; rc ok, orph clean
apigatewayv2-update-removal	2026-10-04T02:52:14Z	PASS	196	verify.sh	rc ok, orph clean (#1730)
apigw-gateway-response	2026-07-31T06:27:45Z	PASS	66	verify.sh	TTL-refresh sweep re-run; 3 phases clean, orph clean
apigw-stage-props	2026-10-03T04:22:17Z	PASS	92	verify.sh	rc ok, orph clean (#4283 PR #4449)
apigw-stage-throttling	2026-08-11T04:51:55Z	PASS	420	verify.sh	SDK-routed Stage assertions updated (#609); :* ARN normalization fix live-verified
apigw-usage-plan-key	2026-07-26T19:16:39Z	PASS	84	verify.sh	0727b sweep-b9 staleness re-run (rc=0); account clean
appconfig	2026-08-10T05:29:23Z	PASS	69	verify.sh	0810 P2 sweep b8; rc ok, 0 orph
appsync	2026-10-06T02:22:44Z	PASS	181	verify.sh	PR #4598 (#4583/#4595 created-before-failure marks, 45 providers); rc 0, destroy clean, orph clean
asset-auto-create	2026-10-05T08:20:47Z	PASS	175	verify.sh	rc ok, orph clean; eu-north-1 (#2624 PR #4573)
asset-bootstrap	2026-10-05T08:20:47Z	PASS	151	verify.sh	rc ok, orph clean; eu-west-2 (#2624 PR #4573)
asset-migration	2026-10-05T08:20:47Z	PASS	556	verify.sh	rc 0 in eu-west-1, 0 orphans; the swept region's deployments/ left with no versions (#2624 PR #4573)
aws-custom-resource	2026-10-04T02:52:14Z	PASS	86	verify.sh	rc ok, orph clean (#1730)
backup	2026-10-02T09:33:03Z	PASS	95	verify.sh	rc ok, orph clean (#4414)
basic	2026-08-01T10:00:06Z	PASS	81	standard	0801 regression sweep; 2 del/0 err, 0 orphans
batch	2026-07-26T18:43:33Z	PASS	89	standard	0727b sweep-b5 staleness re-run (rc=0); account clean
bedrock-agentcore	2026-08-10T05:19:05Z	PASS	36	standard	0810 P2 sweep b6; 6 del 0 err, 0 orph
bench-ccapi	2026-07-26T18:43:33Z	PASS	89	standard	0727b sweep-b5 staleness re-run (rc=0); account clean
bench-cdk-sample	2026-10-03T09:45:36Z	PASS	416	std-flow	rc ok, orph clean (#4505)
bench-sdk	2026-07-26T18:43:33Z	PASS	33	standard	0727b sweep-b5 staleness re-run (rc=0); account clean
bootstrap-free-region	2026-10-05T08:20:47Z	PASS	81	verify.sh	rc 0, 0 orphans; ca-central-1, delete-marker residue from earlier runs purged (#2624 PR #4573)
bucket-deployment	2026-08-12T10:09:17Z	PASS	121	verify.sh	#1687 final; 10 del/0 err, 0 orph
budgets	2026-09-30T11:59:39Z	PASS	70	verify.sh	rc ok, orph clean (#4228)
cache-streaming	2026-10-06T02:22:44Z	PASS	677	verify.sh	PR #4598 (#4583/#4595 created-before-failure marks, 45 providers); rc 0, destroy clean, orph clean
cc-api-fallback	2026-10-05T15:03:08Z	PASS	40	verify.sh	PR #4585 (#3869 CC create/delete id withholding); rc 0, destroy clean, orph clean
cc-api-fallback-transitions	2026-10-05T15:03:08Z	PASS	90	verify.sh	PR #4585 (#3869 CC create/delete id withholding); rc 0, destroy clean, orph clean
cc-final-snapshot-handlers	2026-09-30T17:44:01Z	PASS	1223	verify.sh	PR #4234 (#4111 final-snapshot id dropped from Snapshot-delete log lines) @0f947d9; rc ok, 0 surviving state versions
cc-getatt-readback	2026-10-03T09:34:47Z	PASS	115	verify.sh	rc ok, orph clean (#4423)
cc-protection-flip	2026-10-03T00:39:18Z	PASS	556	verify.sh	rc ok, orph clean (#4318 attempt-cap compensation)
cc-protection-flip-eks	2026-10-03T01:13:56Z	PASS	2635	verify.sh	rc ok, orph clean (#4318 attempt-cap compensation)
cc-to-sdk-reroute	2026-10-02T17:09:39Z	PASS	315	verify.sh	rc ok, orph clean; #4411 regression
cc-write-only-create-only	2026-10-03T09:34:47Z	PASS	160	verify.sh	rc ok, orph clean (#4423; cc-api flip to sdk, pre-fix probe red at sdk premise)
ci-cd	2026-09-27T14:43:09Z	PASS	70	verify.sh	rc ok, orph clean (#3866)
cloudfront-function-url	2026-10-01T10:13:53Z	PASS	261	verify.sh	PR #4302 (#2177 Lambda-family masking) at 514801018; rc ok, 7 deleted 0 errors, orph clean
cloudtrail-trail	2026-10-06T02:22:44Z	PASS	191	verify.sh	PR #4598 (#4583/#4595 created-before-failure marks, 45 providers); rc 0, destroy clean, orph clean
cloudwatch	2026-08-13T11:19:53Z	PASS	-	standard	issue 1815 partition ARN builders; rc 0, destroy clean, 0 orphans
cloudwatch-anomaly-detector	2026-10-06T07:02:26Z	PASS	65	verify.sh	rc ok, orph clean (#2207 PR #4613)
codebuild-project	2026-10-03T04:24:03Z	PASS	97	verify.sh	rc ok, orph clean (#4283 PR #4449)
codecommit	2026-10-06T02:22:44Z	PASS	161	verify.sh	PR #4598 (#4583/#4595 created-before-failure marks, 45 providers); rc 0, destroy clean, orph clean
codedeploy-lambda-deployment-group	2026-07-26T19:45:58Z	PASS	109	verify.sh	re-run after version-agnostic fixture fix; live-verified, account clean (remnant-warning follow-up: issue #1252)
cognito	2026-10-03T04:19:34Z	PASS	270	verify.sh	rc ok, orph clean (#4283 PR #4449)
cognito-custom-attribute-add	2026-09-05T21:47:13Z	PASS	51	verify.sh	PR2662 gate run; 3 phases, destroy 0 errors, 0 orphans
cognito-identity-pool	2026-08-10T11:50:46Z	PASS	45	verify.sh	0810 P0/P1 sweep b1; identity+user pool gone, orph clean
cognito-lambda-triggers	2026-08-10T04:23:28Z	PASS	58	verify.sh	0810 sweep b2; post-#1395 SignInPolicy, triggers fired, 8 del 0 err, 0 orph
cognito-resource-server	2026-08-22T19:12:07Z	PASS	90	verify.sh	issue 2176 masking sweep; rc 0, destroy 0 errors, orphans clean
cognito-userpool-user-ref	2026-07-26T19:16:39Z	PASS	95	verify.sh	0727b sweep-b9 staleness re-run (rc=0); account clean
composite-stack	2026-07-26T18:43:33Z	PASS	39	standard	0727b sweep-b5 staleness re-run (rc=0); account clean
conditions	2026-10-03T00:30:21Z	PASS	30	verify.sh	rc ok, orph clean (#4471)
conditions-and-if	2026-10-03T00:30:21Z	PASS	80	verify.sh	rc ok, orph clean (#4471; pre-fix probe red at phase-2b diff --fail)
conditions-update-2	2026-10-03T00:30:21Z	PASS	85	verify.sh	rc ok, orph clean (#4471)
context-test	2026-07-26T18:43:33Z	PASS	24	standard	0727b sweep-b5 staleness re-run (rc=0); account clean
created-before-failure-revert	2026-10-06T02:22:44Z	PASS	70	verify.sh	PR #4598 (#4583/#4595 created-before-failure marks, 45 providers); rc 0, destroy clean, orph clean
cross-region-concurrent-stacks	2026-10-05T08:20:47Z	PASS	185	verify.sh	rc ok, orph clean; deployments/ empty of versions after --purge-events (#2624 PR #4573)
cross-region-state-bucket	2026-10-03T07:02:29Z	PASS	32	verify.sh	rc ok, orph clean (#4283 PR #4449)
cross-stack-cfn-fallback	2026-10-02T23:48:50Z	PASS	150	verify.sh	rc ok, orph clean (#4475)
cross-stack-references	2026-10-03T09:48:51Z	PASS	40	std-flow	rc ok, orph clean (#4505)
cross-stack-secret-import	2026-10-05T15:24:10Z	PASS	396	verify.sh	rc ok, orph clean (#2868 PR #4588)
custom-resource-getatt-data	2026-10-05T18:13:45Z	PASS	95	verify.sh	rc ok, orph clean (#2115 PR #4589)
custom-resource-masked-service-token	2026-10-06T05:42:00Z	PASS	165	verify.sh	rc ok, orph clean (#4602 PR #4609)
custom-resource-noecho-nested	2026-10-05T18:42:03Z	PASS	957	verify.sh	rc ok, orph clean (#2115 PR #4589)
custom-resource-provider	2026-10-06T05:48:11Z	PASS	536	verify.sh	rc ok, orph clean (#4602 PR #4609)
custom-resource-resolved-secret	2026-10-05T18:18:01Z	PASS	351	verify.sh	rc ok, orph clean (#2115 PR #4589)
data-analytics	2026-09-29T12:11:12Z	PASS	226	verify.sh	rc ok, orph clean; PR #4069 (#2177 Glue masker) head 3f6b908e9
data-pipeline	2026-08-10T05:19:05Z	PASS	48	standard	0810 P2 sweep b6; 7 del 0 err, 0 orph
deep-getatt-chains	2026-10-03T05:56:47Z	PASS	80	verify.sh	rc ok, orph clean (#4497)
deletion-ordering-complex	2026-08-13T06:50:48Z	PASS	260	verify.sh	PR 1774; destroy-runner ordering, rc 0, 19 del 0 err, LB/TG/SG/subnet/IGW/VPC/EC2 all gone
deletion-policy-retain	2026-09-05T03:27:04Z	PASS	29	verify.sh	rc0, destroy clean, 0 orphans; PR 2601 gate run
deletion-policy-snapshot	2026-09-29T08:18:12Z	PASS	241	verify.sh	rc ok, orph clean (#4029 PR #4072)
deletion-policy-snapshot-heavy	2026-08-03T06:58:15Z	PASS	1500	verify.sh	#1353 Redshift+ElastiCache RepGroup pre-delete snapshots verified; found 4 live defects across 5 runs
deployment-events	2026-09-28T17:37:19Z	PASS	45	verify.sh	rc ok, orph clean (#3950 lane B)
destroy-data-guard	2026-08-02T14:22:57Z	PASS	95	verify.sh	guard fired on guarded pair, opt-ins force-cleaned, 2nd destroy clean, 0 orphans
destroy-interrupt	2026-10-05T18:18:46Z	PASS	396	verify.sh	rc ok, orph clean (#2115 PR #4589)
diff-fail-on-destructive	2026-10-06T02:45:41Z	PASS	85	verify.sh	rc ok, orph clean (#4607 PR #4608)
diff-intrinsic-target-change	2026-08-10T06:18:10Z	PASS	46	verify.sh	0810 P2 sweep b12; diff detects GetAtt target rebind, clean destroy
dlm-lifecycle-policy	2026-10-04T16:44:59Z	PASS	105	verify.sh	rc ok, orph clean (#2080 PR #4557)
docdb-neptune	2026-10-06T02:22:44Z	PASS	5209	verify.sh	PR #4598 (#4583/#4595 created-before-failure marks, 45 providers); rc 0, destroy clean, orph clean
docker-image-asset	2026-09-25T09:36:54Z	PASS	88	verify.sh	PR 3725 lane: identifier tail display boundaries; rc ok, orph clean
drift-revert	2026-10-06T07:02:26Z	PASS	315	verify.sh	rc ok, orph clean (#2207 PR #4613)
drift-revert-arrays	2026-10-04T10:29:43Z	PASS	185	verify.sh	rc ok, orph clean (#4476)
drift-revert-vpc	2026-10-06T05:39:06Z	PASS	400	verify.sh	rc ok, orph clean (#4602 PR #4609)
dsql	2026-10-01T14:55:31Z	PASS	211	verify.sh	rc ok, orph clean (#4290)
dynamic-ref-cross-region	2026-10-05T15:21:15Z	PASS	221	verify.sh	rc ok, orph clean (#2868 PR #4588)
dynamodb-autoscaling	2026-10-03T04:27:36Z	PASS	83	verify.sh	rc ok, orph clean (#4283 PR #4449)
dynamodb-globaltable	2026-10-06T02:22:44Z	PASS	1393	verify.sh	PR #4598 (#4583/#4595 created-before-failure marks, 45 providers); rc 0, destroy clean, orph clean
dynamodb-globaltable-implied-stream	2026-10-03T04:18:36Z	PASS	285	verify.sh	rc ok, orph clean (#4283 PR #4449)
dynamodb-gsi-update	2026-10-03T04:22:26Z	PASS	1316	verify.sh	rc ok, orph clean (#4283 PR #4449)
dynamodb-ondemand	2026-10-03T04:20:17Z	PASS	254	verify.sh	rc ok, orph clean (#4283 PR #4449)
dynamodb-sse	2026-10-03T04:28:40Z	PASS	57	verify.sh	rc ok, orph clean (#4283 PR #4449)
dynamodb-stream-filter	2026-10-03T04:27:52Z	PASS	73	verify.sh	rc ok, orph clean (#4283 PR #4449)
dynamodb-streams	2026-10-03T04:20:39Z	PASS	279	verify.sh	rc ok, orph clean (#4283 PR #4449)
dynamodb-tableclass-switch	2026-10-03T04:27:40Z	PASS	67	verify.sh	rc ok, orph clean (#4283 PR #4449)
dynamodb-ttl-attr-change	2026-10-03T04:28:29Z	PASS	68	verify.sh	rc ok, orph clean (#4283 PR #4449)
ec2-instance	2026-10-05T14:42:45Z	PASS	126	verify.sh	PR #4587 (#2080 EC2 create client); rc 0, destroy clean, orph clean
ec2-instance-fanout	2026-09-30T18:16:33Z	PASS	175	verify.sh	rc ok, orph clean (#4242)
ec2-route-targets	2026-10-05T14:42:45Z	PASS	606	verify.sh	PR #4587 (#2080 EC2 create client); rc 0, destroy clean, orph clean
ec2-vpc	2026-07-26T17:21:15Z	PASS	35	standard	issue 1241 fix verified: explicit DESTROY FlowLog LogGroup; 20 deleted 0 retained 0 orphans
ecr	2026-08-10T11:50:46Z	PASS	35	standard	0810 P0/P1 sweep b2; 3 del/0 err, repo gone
ecr-scanning	2026-10-06T02:22:44Z	PASS	65	verify.sh	PR #4598 (#4583/#4595 created-before-failure marks, 45 providers); rc 0, destroy clean, orph clean
ecs-bluegreen	2026-10-01T19:43:10Z	PASS	230	verify.sh	rc ok, orph clean; client-ecs 3.1144.0 (#4324)
ecs-fargate	2026-10-06T02:22:44Z	PASS	436	verify.sh	PR #4598 (#4583/#4595 created-before-failure marks, 45 providers); rc 0, destroy clean, orph clean
ecs-schedule-targets	2026-10-01T19:45:46Z	PASS	80	verify.sh	rc ok, orph clean; client-ecs 3.1144.0 (#4324)
ecs-service-update-props	2026-10-06T02:22:44Z	PASS	120	verify.sh	PR #4598 (#4583/#4595 created-before-failure marks, 45 providers); rc 0, destroy clean, orph clean
efs-immutable-replacement	2026-10-03T13:51:11Z	PASS	75	verify.sh	rc ok, orph clean; #4438 regression
efs-lambda	2026-09-28T16:21:10Z	PASS	130	standard	human-driven, 22 created/22 deleted, orph clean (#3894)
efs-standalone	2026-10-03T13:51:11Z	PASS	166	verify.sh	rc ok, orph clean; #4438 regression
elasticache-replicationgroup-getatt	2026-10-03T06:06:22Z	PASS	806	verify.sh	rc ok, orph clean (#4497)
elbv2-same-name-replacement	2026-10-05T02:29:22Z	PASS	66	verify.sh	rc ok, orph clean (#4569 @480676155)
emr-cluster	2026-10-06T02:22:44Z	PASS	773	verify.sh	PR #4598 (#4583/#4595 created-before-failure marks, 45 providers); rc 0, destroy clean, orph clean
emr-instance-configs	2026-10-06T02:22:44Z	PASS	922	verify.sh	PR #4598 (#4583/#4595 created-before-failure marks, 45 providers); rc 0, destroy clean, orph clean
emr-instance-fleets	2026-10-06T02:22:44Z	PASS	1354	verify.sh	PR #4598 (#4583/#4595 created-before-failure marks, 45 providers); rc 0, destroy clean, orph clean
event-driven	2026-07-26T18:36:31Z	PASS	42	standard	0727b sweep-b4 staleness re-run (rc=0); account clean
eventbridge	2026-10-03T09:34:47Z	PASS	90	verify.sh	rc ok, orph clean (#4423)
eventbridge-api-destination	2026-08-10T04:16:05Z	PASS	66	verify.sh	0810 staleness sweep b1; Connection/ApiDestination GetAtt, 5 del 0 err, 0 orph
eventbridge-archive	2026-07-31T06:21:38Z	PASS	54	verify.sh	TTL-refresh sweep re-run; 3 phases clean, orph clean
eventbridge-input-transformer	2026-08-10T04:16:05Z	PASS	53	verify.sh	0810 staleness sweep b1; post-#1396 ECS target sub-shape, 0 err, 0 orph
eventbridge-pipes	2026-10-06T02:22:44Z	PASS	161	verify.sh	PR #4598 (#4583/#4595 created-before-failure marks, 45 providers); rc 0, destroy clean, orph clean
eventbridge-scheduler	2026-09-30T18:16:33Z	PASS	95	verify.sh	rc ok, orph clean (#4242)
eventbus-policy	2026-09-25T13:23:17Z	PASS	65	verify.sh	rc ok, orph clean; sha 762342a2a (#3718)
eventsourcemapping-race	2026-10-03T19:15:22Z	PASS	100	verify.sh	rc ok, orph clean (#2080 PR #4515)
export	2026-10-06T02:22:44Z	PASS	231	verify.sh	PR #4598 (#4583/#4595 created-before-failure marks, 45 providers); rc 0, destroy clean, orph clean
export-nested-stack	2026-10-04T19:49:12Z	PASS	181	verify.sh	rc ok, orph clean (#4547)
fallback-recreate-children	2026-10-05T02:29:22Z	PASS	105	verify.sh	rc ok, orph clean (#4569 @480676155)
fifo-sqs-event-source	2026-10-01T10:13:53Z	PASS	135	verify.sh	PR #4302 (#2177 Lambda-family masking) at 514801018; rc ok, 6 deleted 0 errors, orph clean
fsx-lustre	2026-10-06T02:22:44Z	PASS	1113	verify.sh	PR #4598 (#4583/#4595 created-before-failure marks, 45 providers); rc 0, destroy clean, orph clean
fsx-ontap	2026-10-02T10:50:28Z	PASS	1613	verify.sh	#1160 PR #4398; rc ok, orph clean, no final backup
fsx-openzfs	2026-10-02T10:50:28Z	PASS	1232	verify.sh	#1160 PR #4398; rc ok; untagged OpenZFS final backup deleted by hand (#1113)
fsx-windows	2026-10-02T10:50:28Z	PASS	4588	verify.sh	#1160 PR #4398; AD-joined rc ok, orph clean, no final backup
full-stack-demo	2026-07-26T18:36:31Z	PASS	41	standard	0727b sweep-b4 staleness re-run (rc=0); account clean
gc-custom-asset-names	2026-10-05T08:20:47Z	PASS	163	verify.sh	rc ok, orph clean; us-east-2, run alone (a parallel batch's locks make gc refuse) (#2624 PR #4573)
getatt-fallback-guard	2026-10-03T05:59:55Z	PASS	185	verify.sh	rc ok, orph clean (#4497)
getstackoutput-crossregion	2026-10-02T23:48:01Z	PASS	105	verify.sh	rc ok, orph clean (#4475)
glue-securityconfig-replace	2026-10-04T09:21:25Z	PASS	65	verify.sh	rc ok, orph clean (#3932)
glue-update-hardening	2026-10-04T09:21:25Z	PASS	275	verify.sh	rc ok, orph clean, #3932 phases 2c/2b/2f; reverted-fix runs RED at 2c step 2 and (2c bypassed) at 2f
healthimaging-stateful-update-fallback	2026-10-02T09:33:03Z	PASS	226	verify.sh	rc ok, orph clean (#4414)
iam-access-key	2026-10-06T02:22:44Z	PASS	75	verify.sh	PR #4598 (#4583/#4595 created-before-failure marks, 45 providers); rc 0, destroy clean, orph clean
iam-managed-policy	2026-10-06T05:49:28Z	PASS	70	verify.sh	rc ok, orph clean (#4602 PR #4609)
iam-oidc-provider	2026-09-29T09:52:03Z	PASS	95	verify.sh	PR #4061 (#3907) final head @79633ecf; rc ok, 0 errors, orph clean
iam-propagation-stress	2026-10-03T04:24:06Z	PASS	97	verify.sh	rc ok, orph clean (#4283 PR #4449)
iam-recreate-reattach	2026-10-06T02:22:44Z	PASS	210	verify.sh	PR #4598 (#4583/#4595 created-before-failure marks, 45 providers); rc 0, destroy clean, orph clean
iam-role-policies-drift-clean	2026-10-06T07:02:26Z	PASS	170	verify.sh	rc ok, orph clean (#2207 PR #4613)
iam-role-prefixed-name-update	2026-10-03T04:27:32Z	PASS	73	verify.sh	rc ok, orph clean (#4283 PR #4449)
iam-secret-derived-principals	2026-10-06T05:51:13Z	PASS	175	verify.sh	rc ok, orph clean (#4602 PR #4609)
import-attribute-readback	2026-09-27T12:27:25Z	PASS	150	verify.sh	rc ok, orph clean (#3861)
import-attribute-readback-final	2026-09-25T01:44:41Z	PASS	276	verify.sh	rc ok, orph clean; providers at origin/main: 2 imports failed + all rows wrong
import-attribute-readback-misc	2026-09-27T14:13:26Z	PASS	266	verify.sh	rc ok, orph clean (PR #3862 IAM masking)
import-attribute-readback-network	2026-09-24T14:52:27Z	PASS	327	verify.sh	rc ok, orph clean; CFn-written SSM values as oracle
import-attributes	2026-09-28T18:32:16Z	PASS	60	verify.sh	PR #4007 merge-gate run; rc ok, orph clean
import-auto-mode	2026-10-06T02:45:41Z	PASS	85	verify.sh	rc ok, orph clean (#4607 PR #4608)
import-deployed-parameter-secret	2026-10-01T06:24:56Z	PASS	440	verify.sh	rc ok, orph clean; #4273 ssm-parameter import refusal (10 del/0 err)
import-heal-prefix-record	2026-09-25T10:36:04Z	PASS	165	verify.sh	rc ok, orph clean; resolver at origin/main leaves all 4 rows wrong
import-lambda-url-attributes	2026-10-01T10:13:53Z	PASS	105	verify.sh	PR #4302 (#2177 Lambda-family masking) at 514801018; rc ok, 5 deleted 0 errors, orph clean
import-migrate-vpc	2026-09-28T17:48:20Z	PASS	350	verify.sh	rc ok, orph clean (#3950 lane B)
import-nested-stack	2026-10-06T02:45:41Z	PASS	141	verify.sh	rc ok, orph clean (#4607 PR #4608)
import-reimport-masked-attrs	2026-09-28T18:03:10Z	PASS	186	verify.sh	PR #4007 merge-gate run; new fixture; pre-fix binary red at phase 2; rc ok, orph clean
import-retain-destroy	2026-10-06T05:32:19Z	PASS	145	verify.sh	rc ok, orph clean (#4602 PR #4609)
import-secret-observed	2026-10-03T10:38:15Z	PASS	135	verify.sh	rc ok, orph clean (#4508)
import-value-strong-ref	2026-10-04T19:49:12Z	PASS	155	verify.sh	rc ok, orph clean (#4547)
importvalue-chain	2026-10-02T23:53:44Z	PASS	145	verify.sh	rc ok, orph clean (#4475)
infra-security	2026-07-26T18:20:27Z	PASS	186	standard	0727b sweep-b3 staleness re-run (rc=0); account clean
inplace-attr-propagation	2026-10-03T05:58:37Z	PASS	60	verify.sh	rc ok, orph clean (#4497)
intrinsic-functions	2026-08-15T00:12:35Z	PASS	20	standard	0 err / 0 orph; resolver change regression check (#1916)
intrinsics-torture	2026-09-26T12:48:55Z	PASS	60	verify.sh	#3809 final sha (rebased); rc ok, orph clean
intrinsics-torture-2	2026-09-26T12:49:55Z	PASS	60	verify.sh	#3809 final sha (rebased); rc ok, orph clean
kinesis-esm-filter	2026-10-03T04:26:36Z	PASS	78	verify.sh	rc ok, orph clean (#4283 PR #4449)
kinesis-stream-mode-switch	2026-10-03T04:24:24Z	PASS	102	verify.sh	rc ok, orph clean (#4283 PR #4449)
kms-encryption	2026-07-26T18:20:27Z	PASS	25	standard	0727b sweep-b3 staleness re-run (rc=0); account clean
lambda	2026-10-06T02:45:41Z	PASS	105	verify.sh	rc ok, orph clean (#4607 PR #4608)
lambda-alias-provisioned-concurrency	2026-07-26T19:16:39Z	PASS	262	verify.sh	0727b sweep-b9 staleness re-run (rc=0); account clean
lambda-arch-switch	2026-10-01T04:01:28Z	PASS	121	verify.sh	rc ok, orph clean (#4241)
lambda-capacity-provider-default-name	2026-10-02T18:18:34Z	PASS	541	verify.sh	rc ok, orph clean (#4455)
lambda-config-field-removal	2026-10-02T01:44:21Z	PASS	110	verify.sh	PR #4378 removalDefaults; rc ok, orph clean
lambda-destinations	2026-10-01T10:13:53Z	PASS	105	verify.sh	PR #4302 (#2177 Lambda-family masking) at 514801018; rc ok, 6 deleted 0 errors, orph clean
lambda-durable-replacement	2026-09-29T02:37:41Z	PASS	155	verify.sh	PR #4028 round 2 (#3979 holderVerdict drift refusal) @e7c7bd6d; rc ok, #3808 held-name rename refused without deleting, orph clean
lambda-env-removal	2026-10-01T04:01:28Z	PASS	110	verify.sh	rc ok, orph clean (#4241)
lambda-esm-self-managed-kafka	2026-09-27T12:27:25Z	PASS	120	verify.sh	rc ok, orph clean; schema-registry add + removal phases (#3861)
lambda-event-invoke-config-update	2026-10-03T04:23:09Z	PASS	167	verify.sh	rc ok, orph clean (#4283 PR #4449)
lambda-layer-version-update	2026-10-03T19:15:22Z	PASS	80	verify.sh	rc ok, orph clean (#2080 PR #4515)
lambda-log-retention	2026-08-10T05:38:11Z	PASS	69	verify.sh	0810 P2 sweep b9; rc ok, 0 orph
lambda-microvm-image	2026-10-06T02:22:44Z	PASS	852	verify.sh	PR #4598 (#4583/#4595 created-before-failure marks, 45 providers); rc 0, destroy clean, orph clean
lambda-reserved-concurrency	2026-10-01T04:01:28Z	PASS	126	verify.sh	rc ok, orph clean (#4241)
lambda-snapstart	2026-10-01T04:01:28Z	PASS	226	verify.sh	rc ok, orph clean (#4241)
lambda-url-authtype-replay	2026-10-03T06:59:25Z	PASS	174	verify.sh	rc ok, orph clean (#4283 PR #4449)
lambda-versioning	2026-08-10T11:50:46Z	PASS	53	standard	0810 P0/P1 sweep b1; Version/Alias delete order ok, 4 del/0 err
launchtemplate-asg-inplace	2026-10-03T04:24:03Z	PASS	172	verify.sh	rc ok, orph clean (#4283 PR #4449)
legacy-bucket-name-fallback	2026-07-26T18:10:48Z	PASS	22	standard	0727b sweep-b2 staleness re-run (rc=0); account clean
legacy-state-migration	2026-07-26T18:10:48Z	PASS	23	standard	0727b sweep-b2 staleness re-run (rc=0); account clean
list-parameters	2026-09-27T08:48:52Z	PASS	100	verify.sh	maintainer merge-gate run of PR #3779; rc ok, orph clean
local-ecs-service-connect	2026-10-04T07:04:58Z	PASS	25	verify.sh	cdk-local 0.149.8; rerun: run1 public.ecr.aws toomanyrequests on pull; docker clean
local-invoke	2026-10-04T11:29:20Z	PASS	35	verify.sh	cdk-local 0.149.8; rc ok, docker clean, orph clean
local-invoke-agentcore	2026-10-04T11:29:20Z	PASS	105	verify.sh	cdk-local 0.149.8; rc ok, docker clean, orph clean
local-invoke-agentcore-from-state	2026-10-04T07:04:58Z	PASS	110	verify.sh	cdk-local 0.149.8; rc ok, docker clean, orph clean
local-invoke-buildkit	2026-10-04T07:04:58Z	PASS	40	verify.sh	cdk-local 0.149.8; rc ok, docker clean, orph clean
local-invoke-container	2026-10-04T07:04:58Z	PASS	25	verify.sh	cdk-local 0.149.8; rc ok, docker clean, orph clean
local-invoke-dotnet	2026-10-04T07:04:58Z	PASS	40	verify.sh	cdk-local 0.149.8; rc ok, docker clean, orph clean
local-invoke-from-cfn-stack	2026-10-04T11:29:20Z	PASS	110	verify.sh	cdk-local 0.149.8; rc ok, step 7 (#3240 no-permission --role-arn) ok, docker clean, orph clean
local-invoke-from-cfn-stack-multi-stack	2026-10-04T11:29:20Z	PASS	116	verify.sh	cdk-local 0.149.8; rc ok, docker clean, orph clean
local-invoke-from-state	2026-10-04T07:04:58Z	PASS	125	verify.sh	cdk-local 0.149.8; rc ok, docker clean, orph clean
local-invoke-java	2026-10-04T07:04:58Z	PASS	35	verify.sh	cdk-local 0.149.8; rc ok, docker clean, orph clean
local-invoke-layers	2026-10-04T07:04:58Z	PASS	15	verify.sh	cdk-local 0.149.8; rc ok, docker clean, orph clean
local-invoke-provided	2026-10-04T07:04:58Z	PASS	40	verify.sh	cdk-local 0.149.8; rc ok, docker clean, orph clean
local-invoke-python	2026-10-04T07:04:58Z	PASS	40	verify.sh	cdk-local 0.149.8; rc ok, docker clean, orph clean
local-invoke-ruby	2026-10-04T07:04:58Z	PASS	40	verify.sh	cdk-local 0.149.8; rc ok, docker clean, orph clean
local-invoke-stage	2026-10-04T07:04:58Z	PASS	20	verify.sh	cdk-local 0.149.8; rc ok, docker clean, orph clean
local-run-task	2026-10-04T11:29:20Z	PASS	20	verify.sh	cdk-local 0.149.8; rc ok, docker clean, orph clean
local-run-task-awsvpc	2026-10-04T07:04:58Z	PASS	15	verify.sh	cdk-local 0.149.8; rc ok, docker clean, orph clean
local-run-task-cdkd-assets	2026-10-04T07:04:58Z	PASS	20	verify.sh	cdk-local 0.149.8; rc ok, docker clean, orph clean
local-run-task-from-state	2026-10-04T07:04:58Z	PASS	206	verify.sh	cdk-local 0.149.8; rc ok, docker clean, orph clean
local-run-task-multi-container	2026-10-04T07:04:58Z	PASS	15	verify.sh	cdk-local 0.149.8; rc ok, docker clean, orph clean
local-start-agentcore	2026-10-04T11:29:20Z	PASS	15	verify.sh	cdk-local 0.149.8; rc ok, docker clean, orph clean
local-start-alb	2026-10-04T11:29:20Z	PASS	20	verify.sh	cdk-local 0.149.8; rc ok, docker clean, orph clean
local-start-alb-from-state	2026-10-04T07:04:58Z	PASS	211	verify.sh	cdk-local 0.149.8; rc ok, docker clean, orph clean
local-start-api	2026-10-04T11:29:20Z	PASS	25	verify.sh	cdk-local 0.149.8; rc ok, docker clean, orph clean
local-start-api-container	2026-10-04T07:04:58Z	PASS	10	verify.sh	cdk-local 0.149.8; rerun after fixture grep fix (-> became to, #4252); docker clean
local-start-api-rest-v1-non-proxy	2026-10-04T07:04:58Z	PASS	15	verify.sh	cdk-local 0.149.8; rc ok, docker clean, orph clean
local-start-api-websocket	2026-10-04T07:11:35Z	PASS	105	verify.sh	cdk-local 0.149.8; after HOST_ARCHITECTURE (all 5 fns arm64 in synth); docker clean
local-start-cloudfront	2026-10-04T11:29:20Z	PASS	10	verify.sh	cdk-local 0.149.8; rc ok, docker clean, orph clean
local-start-service	2026-10-04T11:29:20Z	PASS	106	verify.sh	cdk-local 0.149.8; rc ok, docker clean, orph clean
local-start-service-watch-fast	2026-10-04T07:04:58Z	PASS	171	verify.sh	cdk-local 0.149.8; rc ok, docker clean, orph clean
log-pipeline	2026-07-31T07:44:41Z	PASS	95	standard	issue #1326 removalPolicy fix verified: stream deleted on destroy, 0 orphans
loggroup-class-guard	2026-10-02T09:33:03Z	PASS	115	verify.sh	rc ok, orph clean (#4414)
loggroup-kms-associate	2026-10-03T04:28:30Z	PASS	65	verify.sh	rc ok, orph clean (#4283 PR #4449)
loggroup-never-expire-guard	2026-10-02T20:44:23Z	PASS	131	verify.sh	rc ok, orph clean (#4468)
lost-child-after-failed-deploy	2026-10-03T13:19:14Z	PASS	100	verify.sh	rc ok, orph clean; #4461 regression
macro-expansion	2026-09-25T09:36:54Z	PASS	55	verify.sh	PR 3725 lane: identifier tail display boundaries; rc ok, orph clean
microservices	2026-10-03T09:48:11Z	PASS	50	std-flow	rc ok, orph clean (#4505)
migrate-from-cfn	2026-10-04T05:31:47Z	PASS	396	run.sh	rc ok, orph clean (#4002)
monitoring	2026-08-10T05:19:05Z	PASS	43	standard	0810 P2 sweep b6; 7 del 0 err, 0 orph
multi-asset	2026-09-21T12:02:26Z	PASS	97	verify.sh	rc ok, orph clean; #3489 asset-publish sites (file + docker)
multi-region-same-stack	2026-07-26T18:04:53Z	PASS	22	standard	0727b sweep-b1 staleness re-run (rc=0); account clean
multi-resource	2026-10-03T09:39:45Z	PASS	65	std-flow	rc ok, orph clean (#4505)
multi-stack-deps	2026-10-03T09:41:05Z	PASS	80	std-flow	rc ok, orph clean (#4505)
nested-required-preflight	2026-09-23T18:43:53Z	PASS	53	verify.sh	rc ok, orph clean (#1802)
nested-stack	2026-10-06T02:45:41Z	PASS	75	verify.sh	rc ok, orph clean (#4607 PR #4608)
nested-stack-3level	2026-10-06T05:29:51Z	PASS	530	verify.sh	rc ok, orph clean (#4602 PR #4609)
nested-stack-deep	2026-10-05T18:26:04Z	PASS	100	verify.sh	rc ok, orph clean (#2115 PR #4589)
nested-stack-replace-guard	2026-10-04T09:21:25Z	PASS	65	verify.sh	rc ok, orph clean (#3932)
nested-stack-rollback	2026-10-06T02:45:41Z	PASS	101	verify.sh	rc ok, orph clean (#4607 PR #4608)
nested-stack-secret	2026-10-04T15:13:49Z	PASS	231	verify.sh	rc ok, orph clean (#4451)
nlb-source-nat	2026-10-01T07:41:42Z	PASS	376	verify.sh	PR #4298 (#4259 masked ELBv2/Logs retry stamp) at 469259081; rc ok, 24 deleted 0 errors, orph clean
nodejs-function	2026-08-10T05:29:23Z	PASS	50	verify.sh	0810 P2 sweep b8; rc ok, 0 orph
noecho-parameter-masking	2026-10-04T15:13:49Z	PASS	126	verify.sh	rc ok, orph clean (#4451)
opensearch-domain-getatt	2026-10-03T06:34:29Z	PASS	1683	verify.sh	rc ok, orph clean (#4497)
orphan-getatt-takeover	2026-10-06T05:40:05Z	PASS	50	verify.sh	rc ok, orph clean (#4602 PR #4609)
orphan-resource	2026-07-26T18:04:53Z	PASS	38	standard	0727b sweep-b1 staleness re-run (rc=0); account clean
output-never-resolved-diff	2026-10-02T20:44:08Z	PASS	215	verify.sh	rc ok, orph clean (#4468)
outputs-only-export	2026-10-02T23:48:41Z	PASS	145	verify.sh	rc ok, orph clean (#4475)
parameters	2026-07-26T18:04:53Z	PASS	24	standard	0727b sweep-b1 staleness re-run (rc=0); account clean
partial-create-handback	2026-10-06T02:22:44Z	PASS	436	verify.sh	PR #4598 (#4583/#4595 created-before-failure marks, 45 providers); rc 0, destroy clean, orph clean
propagation-races-2	2026-10-06T02:22:44Z	PASS	110	verify.sh	PR #4598 (#4583/#4595 created-before-failure marks, 45 providers); rc 0, destroy clean, orph clean
raw-cfn-conditions-params	2026-09-07T17:55:55Z	PASS	105	verify.sh	2740 lane: diff/deploy condition parity regression net; rc ok, orph clean
rds-aurora	2026-10-06T02:22:44Z	PASS	4774	verify.sh	PR #4598 (#4583/#4595 created-before-failure marks, 45 providers); rc 0, destroy clean, orph clean
rds-dbinstance-backfill	2026-10-03T04:13:46Z	PASS	783	verify.sh	rc ok, orph clean (#4283 PR #4449)
rds-full-stack	2026-10-06T02:22:44Z	PASS	1017	verify.sh	PR #4598 (#4583/#4595 created-before-failure marks, 45 providers); rc 0, destroy clean, orph clean
recreate-mixed-direction	2026-10-02T20:40:31Z	PASS	111	verify.sh	rc ok, orph clean (#4468)
recreate-nested-logical-id-collision	2026-10-02T20:42:43Z	PASS	130	verify.sh	rc ok, orph clean (#4468)
recreate-parent-child-permission	2026-10-06T05:49:58Z	PASS	100	verify.sh	rc ok, orph clean (#4602 PR #4609)
recreate-target-readers	2026-10-02T20:44:14Z	PASS	86	verify.sh	rc ok, orph clean (#4468)
recreate-via-cc-api	2026-10-05T15:03:08Z	PASS	100	verify.sh	PR #4585 (#3869 CC create/delete id withholding); rc 0, destroy clean, orph clean
recreate-via-sdk-provider	2026-10-05T02:29:22Z	PASS	95	verify.sh	rc ok, orph clean (#4569 @480676155)
redacted-delete-address	2026-10-06T05:40:55Z	PASS	100	verify.sh	rc ok, orph clean (#4602 PR #4609)
redshift-cluster-getatt	2026-10-03T06:39:46Z	PASS	315	verify.sh	rc ok, orph clean (#4497)
remove-protection	2026-10-06T02:22:44Z	PASS	2105	verify.sh	PR #4598 (#4583/#4595 created-before-failure marks, 45 providers); rc 0, destroy clean, orph clean
remove-protection-compensation	2026-10-03T00:35:27Z	PASS	326	verify.sh	rc ok, orph clean (#4318 attempt-cap compensation)
rename-refactor	2026-08-10T05:38:11Z	PASS	101	verify.sh	0810 P2 sweep b9; rc ok, 0 orph
replace-squatter-refusal	2026-10-05T02:29:22Z	PASS	65	verify.sh	rc ok, orph clean (#4569 @480676155)
replacement-fanout	2026-10-02T19:56:58Z	PASS	85	verify.sh	rc ok, orph clean (#4464)
replacement-immutable-name	2026-10-05T02:29:22Z	PASS	135	verify.sh	rc ok, orph clean (#4569 @480676155)
replacement-rename-onto-holder	2026-10-05T02:29:22Z	PASS	626	verify.sh	rc ok, orph clean (#4569 @480676155)
retain-orphan-redeploy	2026-10-06T05:42:35Z	PASS	200	verify.sh	rc ok, orph clean (#4602 PR #4609)
retain-orphan-secret	2026-09-30T08:16:22Z	PASS	80	verify.sh	PR #4184 (#2177 Secrets Manager masker, delegating to withDerivedNameMasks after #4195) @80278d5; rc ok, no versions survive
rollback-command	2026-10-06T04:27:31Z	PASS	516	verify.sh	PR #4605 (#4600 success-deploy settle of proven orphans, O6-O8); rc 0, destroy clean, orph clean; discrimination proof: pre-fix src RED at O6 (successful deploy did not delete the stream)
rollback-cross-region-secret	2026-10-05T10:27:06Z	PASS	195	verify.sh	rc ok, orph clean (#2624 PR #4572)
rollback-deletion-policy-snapshot	2026-10-02T13:55:47Z	PASS	141	verify.sh	rc ok, orph clean (#4436)
rollback-explicit-name-rewrite	2026-10-04T17:04:46Z	PASS	201	verify.sh	rc ok, orph clean (#4408)
rollback-failure-injection	2026-10-05T02:29:22Z	PASS	411	verify.sh	rc ok, orph clean (#4569 @070626749)
rollback-nested-cross-region-secret	2026-10-02T13:40:55Z	PASS	245	verify.sh	rc ok, orph clean (#4436)
rollback-replacement-retain	2026-10-05T02:29:22Z	PASS	65	verify.sh	rc ok, orph clean (#4569 @070626749)
rollback-replay-cc-generated-name	2026-10-04T17:04:46Z	PASS	155	verify.sh	rc ok, orph clean (#4408)
rollback-replay-effective-props	2026-10-04T03:41:19Z	PASS	246	verify.sh	rc ok, orph clean (#4484)
rollback-sqs-cooldown	2026-10-04T07:12:53Z	PASS	161	verify.sh	rc ok, orph clean (#3338/#4356)
route53	2026-10-06T02:22:44Z	PASS	426	verify.sh	PR #4598 (#4583/#4595 created-before-failure marks, 45 providers); rc 0, destroy clean, orph clean
s3-analytics-inventory	2026-10-03T04:21:06Z	PASS	167	verify.sh	rc ok, orph clean (#4283 PR #4449)
s3-asset-deploy	2026-10-03T04:28:33Z	PASS	62	verify.sh	rc ok, orph clean (#4283 PR #4449)
s3-cloudfront	2026-10-03T13:51:11Z	PASS	240	verify.sh	rc ok, orph clean; #4438 OAI regression
s3-directory-bucket	2026-10-06T02:22:44Z	PASS	80	verify.sh	PR #4598 (#4583/#4595 created-before-failure marks, 45 providers); rc 0, destroy clean, orph clean
s3-event-notification	2026-10-03T04:26:03Z	PASS	87	verify.sh	rc ok, orph clean (#4283 PR #4449)
s3-lifecycle	2026-10-05T02:29:22Z	PASS	376	verify.sh	rc ok, orph clean (#4569 @070626749); phase 1c red at origin/main (guard rows [])
s3-object-lock	2026-10-03T04:28:33Z	PASS	65	verify.sh	rc ok, orph clean (#4283 PR #4449)
s3-replication-and-filter	2026-10-03T04:26:27Z	PASS	108	verify.sh	rc ok, orph clean (#4283 PR #4449)
s3-subconfig-removal	2026-10-06T05:49:43Z	PASS	85	verify.sh	rc ok, orph clean (#4602 PR #4609)
s3-tables	2026-10-03T04:28:31Z	PASS	57	verify.sh	rc ok, orph clean (#4283 PR #4449)
s3-vectors	2026-10-03T04:28:28Z	PASS	51	verify.sh	rc ok, orph clean (#4283 PR #4449)
scheduled-task	2026-07-26T18:04:53Z	PASS	44	standard	0727b sweep-b1 staleness re-run (rc=0); account clean
scheduler-custom-group	2026-10-03T04:25:53Z	PASS	122	verify.sh	rc ok, orph clean (#4283 PR #4449)
schema-v5-to-v6-migration	2026-08-10T05:24:30Z	PASS	57	verify.sh	0810 P2 sweep b7; v5->v8 transparent auto-upgrade verified, 0 err 0 orph
schema-v6-to-v7-migration	2026-08-10T05:24:30Z	PASS	54	verify.sh	0810 P2 sweep b7; v6->v8 transparent auto-upgrade verified, 0 err 0 orph
schema-v7-to-v8-migration	2026-08-01T09:51:12Z	PASS	92	verify.sh	0801 regression sweep; transparent auto-migration + outputReads ok, 0 orphans
schema-v8-to-v9-migration	2026-09-24T15:24:57Z	FAIL	138	verify.sh	stale fixture: v9 phase expects state.version 9, binary writes 10; AWS clean (#3658, tooling-backlog row)
schema-v9-to-v10-migration	2026-10-04T19:49:12Z	PASS	155	verify.sh	rc ok, orph clean (#4547)
scrub-nested-child	2026-10-05T15:20:25Z	PASS	171	verify.sh	rc ok, orph clean (#2868 PR #4588)
sdk-ccapi-crossref	2026-09-25T09:51:57Z	PASS	115	verify.sh	rc ok, orph clean; sha c6b23156e (#3713)
sdk-to-cc-autoroute	2026-10-04T06:31:24Z	PASS	225	verify.sh	rc ok, orph clean (#2790 PR #4516 phases 7-10)
secret-derived-immutable-names	2026-10-05T17:41:03Z	PASS	185	verify.sh	PR #4591 (#4275 Scheduler identity + DBProxy); rc 0, destroy clean, 0 state versions; discrimination proof: pre-fix src RED at the Step 3 recorded-creation-date premise; CreationDate precision is ms
secrets-array-nested	2026-10-03T18:30:14Z	PASS	425	verify.sh	rc ok, orph clean
secrets-dynamic-ref	2026-10-05T10:27:06Z	PASS	688	verify.sh	rc ok, orph clean; run alone -- a first attempt was blocked mid-run by a peer session running the same fixture (its secret marked for deletion), nothing leaked (#2624 PR #4572)
secrets-rotation-schedule	2026-10-03T04:27:48Z	PASS	72	verify.sh	rc ok, orph clean (#4283 PR #4449)
secretsmanager-update-value-source	2026-10-01T03:22:05Z	PASS	120	verify.sh	rc ok, orph clean (#4257)
serverless-api	2026-10-06T02:22:44Z	PASS	55	verify.sh	PR #4598 (#4583/#4595 created-before-failure marks, 45 providers); rc 0, destroy clean, orph clean
servicediscovery	2026-10-03T04:24:25Z	PASS	122	verify.sh	rc ok, orph clean (#4283 PR #4449)
servicediscovery-namespaces	2026-10-06T02:22:44Z	PASS	146	verify.sh	PR #4598 (#4583/#4595 created-before-failure marks, 45 providers); rc 0, destroy clean, orph clean
ses-identity	2026-08-10T10:50:49Z	PASS	180	verify.sh	upstream SES CC 403 resolved; all 3 phases clean (issue #1468)
sg-circular-dependency	2026-10-06T05:56:08Z	PASS	471	verify.sh	rc ok, orph clean (#4602 PR #4609)
sns-event-source	2026-09-27T12:27:25Z	PASS	70	verify.sh	rc ok, orph clean (#3861)
sns-inline-subscription	2026-09-25T19:22:55Z	PASS	55	verify.sh	rc ok, orph clean (#3136 PR #3786, post-rebase)
sns-pending-subscription	2026-09-17T17:36:20Z	PASS	163	verify.sh	issue 3329 gate pair: confirms Subscribe with ReturnSubscriptionArn=true returns a REAL ARN even for a pending-confirmation subscription (the premise the create-path shape gate rests on); delete-path pending skip fired, destroy 2 deleted 0 errors, 0 orphans
sns-sqs-event	2026-10-06T02:22:44Z	PASS	91	verify.sh	PR #4598 (#4583/#4595 created-before-failure marks, 45 providers); rc 0, destroy clean, orph clean
sns-subscription-filter	2026-10-03T04:28:51Z	PASS	52	verify.sh	rc ok, orph clean (#4283 PR #4449)
sns-subscription-update	2026-09-17T17:34:54Z	PASS	372	verify.sh	issue 3329: fixture armed with a Fn::GetAtt Arn Output + attributes.Arn assertions, phase 1 under --strict-getatt; both followed the phase-2 replacement (GUID changed). destroy 3 deleted 0 errors, 0 orphans (only deployments/ history remains, by design)
sqs-cloudwatch	2026-08-13T11:19:53Z	PASS	-	standard	issue 1815 partition ARN builders; rc 0, destroy clean, 0 orphans
sqs-esm-max-concurrency	2026-09-27T12:27:25Z	PASS	80	verify.sh	rc ok, orph clean (#3861)
ssm-secure-dynamic-ref	2026-10-05T10:27:06Z	PASS	115	verify.sh	rc ok, orph clean (#2624 PR #4572)
stack-copy-create-tokens	2026-10-03T13:51:11Z	PASS	1923	verify.sh	rc ok, orph clean; #4438 nonce + ledger: RETAIN redeploy creates new, orphan rotates, kill -9 resume
stack-lock-renewal	2026-10-01T10:51:21Z	PASS	426	verify.sh	rc ok, orph clean (PR #4311 stack-lock guard)
stage-assets	2026-10-05T10:27:06Z	PASS	140	verify.sh	rc ok, orph clean (#2624 PR #4572)
stale-attribute-heal	2026-10-03T05:56:27Z	PASS	85	verify.sh	rc ok, orph clean (#4497)
state-destroy	2026-08-13T06:35:09Z	PASS	95	standard	PR 1774 gate; state destroy exit-code path, 1 del 0 err, zero-skip run byte-identical (no skipped suffix), orph clean
state-info-command	2026-09-30T02:50:34Z	PASS	170	verify.sh	PR #4158 (#3909 account flags on the malformed-state refusal pointers) @38d708b/1d32ef2; rc ok, destroy 0 errors, no state/lock/CFn leftovers
stepfunctions	2026-10-03T04:29:12Z	PASS	92	verify.sh	rc ok, orph clean (#4283 PR #4449)
stepfunctions-logging	2026-09-09T03:36:24Z	PASS	310	verify.sh	rc 0; 1a 6 log-dest retries, 4a 5 assume-role (+1 log-dest tail); 2 destroys 0 errors (#2801)
stepfunctions-s3-definition	2026-07-26T19:45:58Z	PASS	43	verify.sh	0727b sweep-b12 staleness re-run (rc=0); account clean
stream-delete-redeploy	2026-10-06T02:22:44Z	PASS	236	verify.sh	PR #4598 (#4583/#4595 created-before-failure marks, 45 providers); rc 0, destroy clean, orph clean
synthetics-canary	2026-07-26T19:25:15Z	PASS	144	verify.sh	0727b sweep-b10 staleness re-run (rc=0); account clean
tags-propagation	2026-09-29T15:35:20Z	PASS	70	verify.sh	PR #4121 (#4073 log group + Glue Tags through the shared reader) @bf15c97; rc ok, destroy 0 errors, no state/lock/CFn leftovers
throttle-wide-dag	2026-10-02T18:09:30Z	PASS	256	verify.sh	rc ok, orph clean (#4455)
type-change-replacement	2026-10-05T02:29:22Z	PASS	186	verify.sh	rc ok, orph clean (#4569 @480676155)
unrecognized-key-autoroute	2026-09-25T10:33:55Z	PASS	105	verify.sh	rc ok, orph clean; sha 9b61a0dd0 (#3713, post-rebase)
update-policy-mutations	2026-09-05T03:27:04Z	PASS	71	verify.sh	rc0, destroy clean, 0 orphans; PR 2601 gate run (property-driven Retain)
update-replace	2026-10-05T02:29:22Z	PASS	90	verify.sh	rc ok, orph clean (#4569 @480676155)
vpc-lambda	2026-08-10T11:50:46Z	PASS	317	standard	0810 P0/P1 sweep b1; 16 del/0 err, hyperplane ENIs cleared, orph clean
vpc-lambda-cr-race	2026-08-10T06:18:10Z	PASS	302	standard	0810 P2 sweep b12; 0 err 0 orph incl hyperplane ENI
vpc-lookup	2026-08-10T06:01:30Z	PASS	20	standard	0810 P2 sweep b11; context-provider loop ok, 0 err 0 orph
vpc-nat-gateway	2026-10-06T02:22:44Z	PASS	325	verify.sh	PR #4598 (#4583/#4595 created-before-failure marks, 45 providers); rc 0, destroy clean, orph clean
wafv2	2026-08-11T03:29:45Z	PASS	240	standard	1544 lane: Scope guard replay-downgrade wiring; destroy 0 err 0 orph
wait-condition-handle	2026-09-30T12:06:02Z	PASS	66	verify.sh	rc ok, orph clean (#4228)
